{
  "project_info": {
    "project_number": "862594783941",
    "firebase_url": "https://fir-setting-4ea55.firebaseio.com",
    "project_id": "fir-setting-4ea55",
    "storage_bucket": "fir-setting-4ea55.appspot.com"
  },
  "client": [
    {
      "client_info": {
        "mobilesdk_app_id": "1:862594783941:android:140a67d10f10205f",
        "android_client_info": {
          "package_name": "com.example.halilarm"
        }
      },
      "oauth_client": [
        {
          "client_id": "862594783941-lle633lqmjm9n7njtkhrlvj2eq7qfdo6.apps.googleusercontent.com",
          "client_type": 1,
          "android_info": {
            "package_name": "com.example.halilarm",
            "certificate_hash": "16054f300807dfff4854a3030daaa6e3e01168c4"
          }
        },
        {
          "client_id": "862594783941-gfpn3ncd2agb8e8qmuphh6auhvkb77f3.apps.googleusercontent.com",
          "client_type": 3
        }
      ],
      "api_key": [
        {
          "current_key": "AIzaSyClyqu25Rja0cLO9wIiiLKyOF1ImVDA-8E"
        }
      ],
      "services": {
        "appinvite_service": {
          "other_platform_oauth_client": [
            {
              "client_id": "862594783941-gfpn3ncd2agb8e8qmuphh6auhvkb77f3.apps.googleusercontent.com",
              "client_type": 3
            }
          ]
        }
      }
    }
  ],
  "configuration_version": "1"
}